<?xml version="1.0" ?>
<tvb_data Data_version="4">
	<status>5-FINISHED</status>
	<range_values>None</range_values>
	<create_date>2015-07-09,00-38-46.144375</create_date>
	<fk_launched_in>2cc58a73-25c1-11e5-a7af-14109fe3bf71</fk_launched_in>
	<parameters>{&quot;data_file&quot;: &quot;/Users/MW/TVB/PROJECTS/Default_Project_v14/TEMP/.tmp2015-07-09,00-38-46.134322_data_file_2015-07-09_00-31_LocalConnectivity.h5&quot;, &quot;Data_Subject&quot;: &quot;John Doe&quot;}</parameters>
	<fk_from_algo>{&quot;classname&quot;: &quot;TVBImporter&quot;, &quot;identifier&quot;: null, &quot;init_parameter&quot;: null, &quot;module&quot;: &quot;tvb.adapters.uploaders.tvb_importer&quot;}</fk_from_algo>
	<meta_data>{&quot;Data_State&quot;: &quot;RAW_DATA&quot;}</meta_data>
	<additional_info></additional_info>
	<method_name>launch</method_name>
	<visible>True</visible>
	<completion_date>2015-07-09,00-38-46.234687</completion_date>
	<gid>1803a88f-25c2-11e5-b473-14109fe3bf71</gid>
	<user_group>connectivity_creator</user_group>
	<estimated_disk_size>0</estimated_disk_size>
	<start_date>2015-07-09,00-38-46.166708</start_date>
</tvb_data>
