<?xml version="1.0" ?>
<tvb_data Data_version="4">
	<status>5-FINISHED</status>
	<range_values>None</range_values>
	<create_date>2016-10-27,15-35-10.745598</create_date>
	<parameters>{&quot;data_file&quot;: &quot;/Users/lia.domide/TVB/PROJECTS/Default_Project/TEMP/.tmp2016-10-27,15-35-10.741213_data_file_tvb-brco.xml&quot;, &quot;Data_Subject&quot;: &quot;John Doe&quot;, &quot;connectivity&quot;: &quot;f6be362b-5bb4-11e5-8b0d-a45e60e5b22f&quot;}</parameters>
	<fk_launched_in>2cc58a73-25c1-11e5-a7af-14109fe3bf71</fk_launched_in>
	<fk_from_algo>{&quot;classname&quot;: &quot;BRCOImporter&quot;, &quot;module&quot;: &quot;tvb.adapters.uploaders.brco_importer&quot;}</fk_from_algo>
	<additional_info></additional_info>
	<visible>True</visible>
	<completion_date>2016-10-27,15-35-10.958548</completion_date>
	<meta_data>{&quot;Data_State&quot;: &quot;RAW_DATA&quot;}</meta_data>
	<estimated_disk_size>0</estimated_disk_size>
	<user_group>2016-10-27,15-35-10</user_group>
	<gid>ccff1c91-9c41-11e6-bb07-a45e60e5b22f</gid>
	<start_date>2016-10-27,15-35-10.790600</start_date>
</tvb_data>
